{
  "camera_data": {},
  "objects": {
    "class": "battery_module",
    "location": [
      [
        4.843071460723877,
        -17.297395706176758,
        149.4264678955078
      ]
    ],
    "projected_cuboid": [
      [
        [
          434.0738220214844,
          156.0723876953125
        ],
        [
          273.6796569824219,
          133.72799682617188
        ],
        [
          252.23614501953125,
          137.39492797851562
        ],
        [
          405.11553955078125,
          158.06883239746094
        ],
        [
          428.369384765625,
          219.3822021484375
        ],
        [
          267.68548583984375,
          204.07598876953125
        ],
        [
          246.6764373779297,
          203.135498046875
        ],
        [
          399.8012390136719,
          217.62242126464844
        ],
        [
          344.89691162109375,
          151.0788116455078
        ]
      ]
    ],
    "cuboid": [
      [
        0,
        -172.4532470703125,
        -51.68260955810547,
        -117.7724609375,
        172.5911865234375,
        55.459999084472656,
        8.2275390625,
        [
          [
            0.0008940169354900718,
            -7.826435466995463e-05,
            -0.0004411445406731218,
            0.0
          ],
          [
            -0.0004348994989413768,
            8.506403537467122e-05,
            -0.0008964522858150303,
            0.0
          ],
          [
            0.00010768580250442028,
            0.0009932969696819782,
            4.201155388727784e-05,
            0.0
          ],
          [
            2.0517563819885254,
            2.1557979583740234,
            -0.6484245657920837,
            1.0
          ]
        ],
        0.0037999998312443495
      ]
    ],
    "pose": [
      [
        0,
        [
          [
            0.8954793810844421,
            -0.43661046028137207,
            0.08653314411640167,
            0.04843071475625038
          ],
          [
            0.06757977604866028,
            -0.058791495859622955,
            -0.9959801435470581,
            -0.17297396063804626
          ],
          [
            0.4399428069591522,
            0.8977276682853699,
            -0.023140529170632362,
            1.4942647218704224
          ],
          [
            0.0,
            0.0,
            0.0,
            1.0
          ]
        ],
        [
          344.89691162109375,
          151.0788116455078
        ]
      ]
    ]
  },
  "environment": "omniverse://localhost/NVIDIA/Assets/Isaac/2023.1.1/Isaac/Environments/Simple_Room/simple_room.usd",
  "spawn_location": [
    2.0,
    2.0,
    -0.5
  ],
  "distractors": [
    "/Isaac/Props/YCB/Axis_Aligned/037_scissors.usd",
    "/Isaac/Props/YCB/Axis_Aligned/021_bleach_cleanser.usd",
    "/Isaac/Props/YCB/Axis_Aligned/002_master_chef_can.usd",
    "/Isaac/Props/YCB/Axis_Aligned/008_pudding_box.usd",
    "/Isaac/Props/YCB/Axis_Aligned/007_tuna_fish_can.usd",
    "/Isaac/Props/YCB/Axis_Aligned/025_mug.usd",
    "/Isaac/Props/YCB/Axis_Aligned/025_mug.usd",
    "/Isaac/Props/Shapes/torus.usd",
    "/Isaac/Props/YCB/Axis_Aligned/007_tuna_fish_can.usd",
    "/Isaac/Props/YCB/Axis_Aligned/051_large_clamp.usd",
    "/Isaac/Props/YCB/Axis_Aligned/024_bowl.usd",
    "/Isaac/Props/Shapes/cone.usd",
    "/Isaac/Props/YCB/Axis_Aligned/021_bleach_cleanser.usd",
    "/Isaac/Props/YCB/Axis_Aligned/025_mug.usd",
    "/Isaac/Props/YCB/Axis_Aligned/009_gelatin_box.usd",
    "/Isaac/Props/YCB/Axis_Aligned/005_tomato_soup_can.usd",
    "/Isaac/Props/YCB/Axis_Aligned/025_mug.usd",
    "/Isaac/Props/YCB/Axis_Aligned/019_pitcher_base.usd",
    "/Isaac/Props/Shapes/torus.usd",
    "/Isaac/Props/YCB/Axis_Aligned/008_pudding_box.usd",
    "/Isaac/Props/YCB/Axis_Aligned/061_foam_brick.usd",
    "/Isaac/Props/YCB/Axis_Aligned/010_potted_meat_can.usd"
  ],
  "object_detection": [
    {
      "class": 0.0,
      "visibility": 0.0037999998312443495,
      "bbox": [
        253.0,
        138.0,
        431.0,
        217.0
      ]
    }
  ],
  "segmentation_labels": {
    "0": {
      "class": "BACKGROUND"
    },
    "1": {
      "class": "UNLABELLED"
    },
    "2": {
      "class": "battery_module"
    }
  }
}