{
  "camera_data": {},
  "objects": {
    "class": "battery_module",
    "location": [
      [
        -7.039806365966797,
        -7.623814582824707,
        191.53262329101562
      ]
    ],
    "projected_cuboid": [
      [
        [
          238.42909240722656,
          257.74224853515625
        ],
        [
          360.6039733886719,
          196.64964294433594
        ],
        [
          343.4419860839844,
          158.71090698242188
        ],
        [
          219.20803833007812,
          220.16259765625
        ],
        [
          242.95611572265625,
          269.719482421875
        ],
        [
          373.15673828125,
          204.4009552001953
        ],
        [
          355.0360412597656,
          164.03076171875
        ],
        [
          222.49362182617188,
          229.762451171875
        ],
        [
          291.7661437988281,
          209.42393493652344
        ]
      ]
    ],
    "cuboid": [
      [
        0,
        -172.453369140625,
        -51.6826171875,
        -117.77249145507812,
        172.59130859375,
        55.4600830078125,
        8.227508544921875,
        [
          [
            0.0009053886751644313,
            0.00042458370444364846,
            -2.945564006040513e-07,
            0.0
          ],
          [
            0.00038727084756828845,
            -0.0008255374268628657,
            0.00041049893479794264,
            0.0
          ],
          [
            0.00017404797836206853,
            -0.00037177515332587063,
            -0.0009118610760197043,
            0.0
          ],
          [
            2.0722715854644775,
            2.054701328277588,
            -0.7419845461845398,
            1.0
          ]
        ],
        0.003999999724328518
      ]
    ],
    "pose": [
      [
        0,
        [
          [
            0.8398913741111755,
            -0.4948151111602783,
            -0.22302572429180145,
            0.0846899151802063
          ],
          [
            0.5289197564125061,
            0.6540032029151917,
            0.5408546924591064,
            -0.13898791372776031
          ],
          [
            -0.12176353484392166,
            -0.5722218751907349,
            0.8110091090202332,
            1.5482053756713867
          ],
          [
            0.0,
            0.0,
            0.0,
            1.0
          ]
        ],
        [
          362.0199279785156,
          171.0394744873047
        ]
      ]
    ]
  },
  "environment": "omniverse://localhost/NVIDIA/Assets/Isaac/2023.1.1/Isaac/Environments/Simple_Room/simple_room.usd",
  "spawn_location": [
    2.0,
    2.0,
    -0.5
  ],
  "distractors": [
    "/Isaac/Props/YCB/Axis_Aligned/037_scissors.usd",
    "/Isaac/Props/YCB/Axis_Aligned/021_bleach_cleanser.usd",
    "/Isaac/Props/YCB/Axis_Aligned/002_master_chef_can.usd",
    "/Isaac/Props/YCB/Axis_Aligned/008_pudding_box.usd",
    "/Isaac/Props/YCB/Axis_Aligned/007_tuna_fish_can.usd",
    "/Isaac/Props/YCB/Axis_Aligned/025_mug.usd",
    "/Isaac/Props/YCB/Axis_Aligned/025_mug.usd",
    "/Isaac/Props/Shapes/torus.usd",
    "/Isaac/Props/YCB/Axis_Aligned/007_tuna_fish_can.usd",
    "/Isaac/Props/YCB/Axis_Aligned/051_large_clamp.usd",
    "/Isaac/Props/YCB/Axis_Aligned/024_bowl.usd",
    "/Isaac/Props/Shapes/cone.usd",
    "/Isaac/Props/YCB/Axis_Aligned/021_bleach_cleanser.usd",
    "/Isaac/Props/YCB/Axis_Aligned/025_mug.usd",
    "/Isaac/Props/YCB/Axis_Aligned/009_gelatin_box.usd",
    "/Isaac/Props/YCB/Axis_Aligned/005_tomato_soup_can.usd",
    "/Isaac/Props/YCB/Axis_Aligned/025_mug.usd",
    "/Isaac/Props/YCB/Axis_Aligned/019_pitcher_base.usd",
    "/Isaac/Props/Shapes/torus.usd",
    "/Isaac/Props/YCB/Axis_Aligned/008_pudding_box.usd",
    "/Isaac/Props/YCB/Axis_Aligned/061_foam_brick.usd",
    "/Isaac/Props/YCB/Axis_Aligned/010_potted_meat_can.usd"
  ],
  "object_detection": [
    {
      "class": 0.0,
      "visibility": 0.003999999724328518,
      "bbox": [
        278.0,
        78.0,
        457.0,
        231.0
      ]
    }
  ],
  "segmentation_labels": {
    "0": {
      "class": "BACKGROUND"
    },
    "1": {
      "class": "UNLABELLED"
    },
    "2": {
      "class": "battery_module"
    }
  }
}