{
  "camera_data": {},
  "objects": {
    "class": "battery_module",
    "location": [
      [
        6.140687942504883,
        -19.534818649291992,
        138.65829467773438
      ]
    ],
    "projected_cuboid": [
      [
        [
          414.4618225097656,
          66.9506607055664
        ],
        [
          262.7841491699219,
          170.3565673828125
        ],
        [
          292.6121520996094,
          207.89048767089844
        ],
        [
          449.8056335449219,
          99.28907012939453
        ],
        [
          404.734619140625,
          17.872610092163086
        ],
        [
          240.41470336914062,
          128.42715454101562
        ],
        [
          271.7632751464844,
          167.241943359375
        ],
        [
          442.5815124511719,
          50.70624923706055
        ],
        [
          354.0191345214844,
          131.7779998779297
        ]
      ]
    ],
    "cuboid": [
      [
        0,
        -172.453369140625,
        -51.6826171875,
        -117.77249145507812,
        172.59130859375,
        55.4600830078125,
        8.227508544921875,
        [
          [
            0.0009053886751644313,
            0.00042458370444364846,
            -2.945564006040513e-07,
            0.0
          ],
          [
            0.00038727084756828845,
            -0.0008255374268628657,
            0.00041049893479794264,
            0.0
          ],
          [
            0.00017404797836206853,
            -0.00037177515332587063,
            -0.0009118610760197043,
            0.0
          ],
          [
            2.0722715854644775,
            2.054701328277588,
            -0.7419845461845398,
            1.0
          ]
        ],
        0.002300000051036477
      ]
    ],
    "pose": [
      [
        0,
        [
          [
            0.06307372450828552,
            -0.9100378155708313,
            -0.4096985459327698,
            0.024395156651735306
          ],
          [
            0.9627078771591187,
            -0.05273762717843056,
            0.2653532028198242,
            -0.1158386841416359
          ],
          [
            -0.2630879878997803,
            -0.4111568033695221,
            0.8727742433547974,
            1.2704246044158936
          ],
          [
            0.0,
            0.0,
            0.0,
            1.0
          ]
        ],
        [
          334.75048828125,
          169.95828247070312
        ]
      ]
    ]
  },
  "environment": "omniverse://localhost/NVIDIA/Assets/Isaac/2023.1.1/Isaac/Environments/Simple_Room/simple_room.usd",
  "spawn_location": [
    2.0,
    2.0,
    -0.5
  ],
  "distractors": [
    "/Isaac/Props/YCB/Axis_Aligned/037_scissors.usd",
    "/Isaac/Props/YCB/Axis_Aligned/021_bleach_cleanser.usd",
    "/Isaac/Props/YCB/Axis_Aligned/002_master_chef_can.usd",
    "/Isaac/Props/YCB/Axis_Aligned/008_pudding_box.usd",
    "/Isaac/Props/YCB/Axis_Aligned/007_tuna_fish_can.usd",
    "/Isaac/Props/YCB/Axis_Aligned/025_mug.usd",
    "/Isaac/Props/YCB/Axis_Aligned/025_mug.usd",
    "/Isaac/Props/Shapes/torus.usd",
    "/Isaac/Props/YCB/Axis_Aligned/007_tuna_fish_can.usd",
    "/Isaac/Props/YCB/Axis_Aligned/051_large_clamp.usd",
    "/Isaac/Props/YCB/Axis_Aligned/024_bowl.usd",
    "/Isaac/Props/Shapes/cone.usd",
    "/Isaac/Props/YCB/Axis_Aligned/021_bleach_cleanser.usd",
    "/Isaac/Props/YCB/Axis_Aligned/025_mug.usd",
    "/Isaac/Props/YCB/Axis_Aligned/009_gelatin_box.usd",
    "/Isaac/Props/YCB/Axis_Aligned/005_tomato_soup_can.usd",
    "/Isaac/Props/YCB/Axis_Aligned/025_mug.usd",
    "/Isaac/Props/YCB/Axis_Aligned/019_pitcher_base.usd",
    "/Isaac/Props/Shapes/torus.usd",
    "/Isaac/Props/YCB/Axis_Aligned/008_pudding_box.usd",
    "/Isaac/Props/YCB/Axis_Aligned/061_foam_brick.usd",
    "/Isaac/Props/YCB/Axis_Aligned/010_potted_meat_can.usd"
  ],
  "object_detection": [
    {
      "class": 0.0,
      "visibility": 0.002300000051036477,
      "bbox": [
        298.0,
        49.0,
        405.0,
        272.0
      ]
    }
  ],
  "segmentation_labels": {
    "0": {
      "class": "BACKGROUND"
    },
    "1": {
      "class": "UNLABELLED"
    },
    "2": {
      "class": "battery_module"
    }
  }
}