{
  "camera_data": {},
  "objects": {
    "class": "battery_module",
    "location": [
      [
        0.14772382560269293
      ],
      [
        -0.15649198840543782
      ],
      [
        1.234523429579921
      ]
    ],
    "projected_cuboid": [
      [
        387.7136987671459,
        50.51761588717588
      ],
      [
        328.7733475219289,
        38.42374138010883
      ],
      [
        407.8474895984161,
        251.11690289474873
      ],
      [
        343.862983211696,
        244.72755872372824
      ],
      [
        351.2104348821481,
        88.73755188218377
      ],
      [
        296.16523497317496,
        78.75210701765982
      ],
      [
        366.43272919676093,
        274.86545851803305
      ],
      [
        306.99489016438866,
        269.7993863824747
      ]
    ],
    "bounding_cuboid": [
      [
        -0.05350003048087937,
        -0.06299999618530275,
        -0.17250000423605644
      ],
      [
        0.05350003048087937,
        0.06299999618530275,
        0.17250000423605644
      ]
    ],
    "transformation_matrix": [
      [
        -0.9312452991664473,
        -0.36285635828971863,
        0.033430026964520396,
        0.14772382560269293
      ],
      [
        -0.08373712863032597,
        0.3023830056190491,
        0.9495011744651517,
        -0.15649198840543782
      ],
      [
        -0.35464123702283,
        0.8814191222190857,
        -0.31197727024431826,
        1.234523429579921
      ],
      [
        0.0,
        0.0,
        0.0,
        1.0
      ]
    ],
    "quaternion_xyzw": [
      -0.13995449151133968,
      0.7977477152628368,
      0.5737780030950391,
      0.12161466302627975
    ]
  }
}