{
  "camera_data": {},
  "objects": {
    "class": "battery_module",
    "location": [
      [
        0.2201650479628794
      ],
      [
        -0.1992134276714433
      ],
      [
        1.5195837291972052
      ]
    ],
    "projected_cuboid": [
      [
        315.37693953108413,
        74.59797976634752
      ],
      [
        289.48584107863667,
        101.58232801311925
      ],
      [
        466.7735756446833,
        164.2525240618727
      ],
      [
        446.78230335851663,
        196.28034117849114
      ],
      [
        298.30626997313624,
        119.72510427550957
      ],
      [
        273.3624791943273,
        146.8391375211817
      ],
      [
        439.5985833609185,
        205.2093217449133
      ],
      [
        419.77238202787544,
        236.86364956397975
      ]
    ],
    "bounding_cuboid": [
      [
        -0.05350003048087937,
        -0.06299999618530275,
        -0.17250000423605644
      ],
      [
        0.05350003048087937,
        0.06299999618530275,
        0.17250000423605644
      ]
    ],
    "transformation_matrix": [
      [
        -0.5072599897134953,
        -0.22603967785835266,
        0.8316208342210114,
        0.2201650479628794
      ],
      [
        0.621558649530224,
        0.572474479675293,
        0.5347315391771397,
        -0.1992134276714433
      ],
      [
        -0.5969522922434272,
        0.7881491184234619,
        -0.14989653369747405,
        1.5195837291972052
      ],
      [
        0.0,
        0.0,
        0.0,
        1.0
      ]
    ],
    "quaternion_xyzw": [
      0.13244050416907108,
      0.7465974461642672,
      0.4429698542842265,
      0.4783612384295447
    ]
  }
}