{
  "camera_data": {},
  "objects": {
    "class": "battery_module",
    "location": [
      [
        0.12199442462482263
      ],
      [
        -0.006673820589613327
      ],
      [
        1.4654126855911718
      ]
    ],
    "projected_cuboid": [
      [
        248.9482974399885,
        252.9808877764988
      ],
      [
        222.74428559594958,
        253.72258326027438
      ],
      [
        399.1869747877822,
        188.53003601765894
      ],
      [
        380.48269284013713,
        184.85496708379537
      ],
      [
        268.21059740495883,
        310.3189856076276
      ],
      [
        242.89416859626698,
        314.7102828955769
      ],
      [
        422.53670821941205,
        251.21304220392895
      ],
      [
        405.21949083975466,
        251.92603158578527
      ]
    ],
    "bounding_cuboid": [
      [
        -0.05350003048087937,
        -0.06299999618530275,
        -0.17250000423605644
      ],
      [
        0.05350003048087937,
        0.06299999618530275,
        0.17250000423605644
      ]
    ],
    "transformation_matrix": [
      [
        -0.47168349677995014,
        0.3158721625804901,
        0.8232490959632053,
        0.12199442462482263
      ],
      [
        0.017044887390441608,
        0.9367266297340393,
        -0.34964647814052274,
        -0.006673820589613327
      ],
      [
        -0.8816030756264449,
        -0.15089033544063568,
        -0.4472225655896929,
        1.4654126855911718
      ],
      [
        0.0,
        0.0,
        0.0,
        1.0
      ]
    ],
    "quaternion_xyzw": [
      0.09850423137062991,
      0.8449309022685277,
      -0.14809993690266476,
      0.5044354225103546
    ]
  }
}