{
  "camera_data": {},
  "objects": {
    "class": "battery_module",
    "location": [
      [
        0.01979572266861694
      ],
      [
        -0.2494829894807702
      ],
      [
        1.4660862720747192
      ]
    ],
    "projected_cuboid": [
      [
        305.6671893424987,
        94.97148590881591
      ],
      [
        312.16408706512016,
        52.76605913795203
      ],
      [
        284.57299704577827,
        215.41403618329403
      ],
      [
        290.79573776811804,
        173.9360441502502
      ],
      [
        246.5372134119887,
        85.77046976890962
      ],
      [
        249.79732506241214,
        43.20439892047628
      ],
      [
        216.43489789871072,
        204.36329160878606
      ],
      [
        218.32331533461996,
        162.34592935040345
      ]
    ],
    "bounding_cuboid": [
      [
        -0.05350003048087937,
        -0.06299999618530275,
        -0.17250000423605644
      ],
      [
        0.05350003048087937,
        0.06299999618530275,
        0.17250000423605644
      ]
    ],
    "transformation_matrix": [
      [
        0.07047755565755075,
        -0.9859225749969482,
        -0.1516232746046078,
        0.01979572266861694
      ],
      [
        -0.6219298941402436,
        -0.16227132081985474,
        0.7660752682595772,
        -0.2494829894807702
      ],
      [
        -0.7798950517528468,
        0.040307894349098206,
        -0.624611136458772,
        1.4660862720747192
      ],
      [
        0.0,
        0.0,
        0.0,
        1.0
      ]
    ],
    "quaternion_xyzw": [
      0.6814249614755783,
      -0.5898860744332566,
      -0.34175379852636856,
      -0.26626825244577595
    ]
  }
}